{"cameraMode":{"drawMode":0,"name":"Shaded","section":"Shading Mode"},"sceneLighting":true,"audioPlay":false,"sceneViewState":{"showFog":false,"showMaterialUpdate":false,"showSkybox":false,"showFlares":false,"showImageEffects":false,"showParticleSystems":false},"in2DMode":false,"pivot":{"x":0.7040400505065918,"y":3.4871301651000978,"z":-1.3951687812805176},"rotation":{"x":-0.043700989335775378,"y":0.956174373626709,"z":-0.19662456214427949,"w":-0.21251319348812104},"size":10.62757682800293,"orthographic":false}